order_id,restaurant_id,order_time,amount,status,payment_method,city
1,108,2024-01-04 22:34:00,733,COMPLETED,GOOGLE_PAY,Liverpool
2,137,2024-01-05 09:14:00,506,COMPLETED,CARD,Leeds
3,123,2024-01-02 18:24:00,471,FAILED,GOOGLE_PAY,London
4,133,2024-01-04 12:23:00,763,COMPLETED,ONLINE,London
5,108,2024-01-06 18:43:00,656,COMPLETED,CARD,Birmingham
6,102,2024-01-03 09:01:00,457,COMPLETED,GOOGLE_PAY,Leeds
7,122,2024-01-04 15:41:00,704,CANCELLED,ONLINE,London
8,140,2024-01-01 17:27:00,640,COMPLETED,ONLINE,Manchester
9,114,2024-01-02 04:49:00,264,COMPLETED,APPLE_PAY,Manchester
10,140,2024-01-05 10:10:00,516,COMPLETED,ONLINE,Liverpool
11,118,2024-01-04 18:28:00,325,COMPLETED,CARD,London
12,121,2024-01-04 06:45:00,606,COMPLETED,APPLE_PAY,Birmingham
13,138,2024-01-07 22:05:00,116,COMPLETED,GOOGLE_PAY,Leeds
14,122,2024-01-06 09:07:00,651,COMPLETED,APPLE_PAY,Birmingham
15,115,2024-01-02 04:01:00,350,COMPLETED,CARD,Liverpool
16,130,2024-01-02 23:28:00,495,FAILED,CARD,London
17,102,2024-01-04 11:50:00,160,CANCELLED,GOOGLE_PAY,Leeds
18,124,2024-01-04 04:10:00,238,COMPLETED,CARD,London
19,123,2024-01-05 13:01:00,151,COMPLETED,GOOGLE_PAY,Leeds
20,106,2024-01-04 06:48:00,249,COMPLETED,CARD,Birmingham
21,114,2024-01-04 13:04:00,233,FAILED,ONLINE,Leeds
22,121,2024-01-08 00:26:00,768,COMPLETED,GOOGLE_PAY,London
23,110,2024-01-07 11:53:00,754,COMPLETED,APPLE_PAY,London
24,122,2024-01-04 02:55:00,141,COMPLETED,APPLE_PAY,Birmingham
25,105,2024-01-08 05:54:00,756,COMPLETED,CARD,Birmingham
26,114,2024-01-02 13:22:00,791,CANCELLED,APPLE_PAY,Birmingham
27,109,2024-01-02 13:50:00,446,CANCELLED,ONLINE,Manchester
28,107,2024-01-05 12:52:00,172,COMPLETED,ONLINE,Liverpool
29,117,2024-01-07 06:07:00,386,FAILED,CARD,Leeds
30,128,2024-01-04 02:16:00,192,CANCELLED,APPLE_PAY,Manchester
31,131,2024-01-04 14:06:00,651,COMPLETED,APPLE_PAY,Birmingham
32,136,2024-01-05 05:00:00,473,COMPLETED,APPLE_PAY,Manchester
33,124,2024-01-03 12:20:00,715,COMPLETED,GOOGLE_PAY,Birmingham
34,124,2024-01-07 04:10:00,117,COMPLETED,CARD,Liverpool
35,127,2024-01-02 13:40:00,729,COMPLETED,ONLINE,Leeds
36,106,2024-01-06 18:52:00,688,FAILED,ONLINE,Birmingham
37,129,2024-01-07 03:55:00,646,CANCELLED,ONLINE,Leeds
38,133,2024-01-06 22:11:00,770,COMPLETED,CARD,London
39,120,2024-01-07 10:03:00,355,COMPLETED,ONLINE,Birmingham
40,107,2024-01-05 21:31:00,480,COMPLETED,APPLE_PAY,London
41,133,2024-01-07 00:34:00,623,COMPLETED,ONLINE,Liverpool
42,124,2024-01-05 23:49:00,531,COMPLETED,CARD,Leeds
43,106,2024-01-08 07:28:00,355,COMPLETED,ONLINE,Birmingham
44,129,2024-01-03 21:25:00,395,COMPLETED,ONLINE,London
45,135,2024-01-04 19:55:00,717,COMPLETED,ONLINE,Liverpool
46,114,2024-01-02 23:01:00,612,COMPLETED,GOOGLE_PAY,Leeds
47,133,2024-01-05 08:41:00,516,COMPLETED,CARD,Leeds
48,117,2024-01-02 00:17:00,718,COMPLETED,GOOGLE_PAY,Leeds
49,134,2024-01-04 10:30:00,749,COMPLETED,APPLE_PAY,Leeds
50,124,2024-01-06 07:24:00,297,COMPLETED,APPLE_PAY,London
51,120,2024-01-08 02:40:00,529,COMPLETED,CARD,Leeds
52,122,2024-01-08 02:16:00,460,FAILED,GOOGLE_PAY,London
53,109,2024-01-06 10:49:00,320,COMPLETED,CARD,Manchester
54,108,2024-01-05 14:14:00,670,COMPLETED,ONLINE,Manchester
55,134,2024-01-01 12:19:00,471,COMPLETED,APPLE_PAY,London
56,131,2024-01-07 00:02:00,537,COMPLETED,CARD,Birmingham
57,126,2024-01-06 12:50:00,700,COMPLETED,CARD,Manchester
58,115,2024-01-07 03:58:00,249,COMPLETED,ONLINE,Liverpool
59,125,2024-01-06 21:24:00,520,COMPLETED,GOOGLE_PAY,Liverpool
60,109,2024-01-07 22:58:00,300,COMPLETED,CARD,London
61,122,2024-01-06 00:35:00,401,COMPLETED,ONLINE,Liverpool
62,124,2024-01-06 15:40:00,762,COMPLETED,GOOGLE_PAY,Liverpool
63,106,2024-01-07 20:50:00,748,COMPLETED,GOOGLE_PAY,Liverpool
64,110,2024-01-08 05:22:00,482,FAILED,CARD,Manchester
65,103,2024-01-02 08:10:00,680,COMPLETED,APPLE_PAY,Birmingham
66,132,2024-01-06 20:43:00,722,FAILED,CARD,Birmingham
67,116,2024-01-06 20:48:00,488,COMPLETED,GOOGLE_PAY,Birmingham
68,112,2024-01-01 11:36:00,611,FAILED,APPLE_PAY,Manchester
69,105,2024-01-07 06:57:00,351,CANCELLED,GOOGLE_PAY,Liverpool
70,102,2024-01-03 21:55:00,788,CANCELLED,GOOGLE_PAY,Liverpool
71,102,2024-01-07 01:41:00,469,COMPLETED,CARD,Manchester
72,133,2024-01-01 22:16:00,347,FAILED,CARD,Leeds
73,125,2024-01-02 11:47:00,237,CANCELLED,ONLINE,Liverpool
74,127,2024-01-07 15:50:00,302,COMPLETED,GOOGLE_PAY,Leeds
75,119,2024-01-04 13:08:00,182,CANCELLED,APPLE_PAY,London
76,133,2024-01-05 15:26:00,384,COMPLETED,GOOGLE_PAY,London
77,128,2024-01-07 06:19:00,666,FAILED,GOOGLE_PAY,London
78,135,2024-01-02 12:14:00,315,COMPLETED,APPLE_PAY,Leeds
79,103,2024-01-07 17:24:00,223,CANCELLED,APPLE_PAY,Manchester
80,109,2024-01-03 22:00:00,650,COMPLETED,CARD,Manchester
81,123,2024-01-02 18:56:00,376,CANCELLED,GOOGLE_PAY,Birmingham
82,132,2024-01-05 05:37:00,774,COMPLETED,ONLINE,Birmingham
83,128,2024-01-06 05:01:00,131,COMPLETED,GOOGLE_PAY,Liverpool
84,102,2024-01-05 06:57:00,608,COMPLETED,GOOGLE_PAY,Birmingham
85,102,2024-01-01 15:56:00,506,COMPLETED,CARD,Manchester
86,108,2024-01-04 06:26:00,454,COMPLETED,APPLE_PAY,Liverpool
87,124,2024-01-04 15:34:00,244,COMPLETED,CARD,Leeds
88,131,2024-01-06 20:48:00,533,FAILED,ONLINE,London
89,126,2024-01-07 05:25:00,195,CANCELLED,ONLINE,Birmingham
90,118,2024-01-03 00:43:00,279,FAILED,CARD,Leeds
91,124,2024-01-01 16:05:00,247,COMPLETED,GOOGLE_PAY,Manchester
92,114,2024-01-05 21:06:00,361,CANCELLED,GOOGLE_PAY,London
93,111,2024-01-06 00:39:00,591,CANCELLED,CARD,Leeds
94,133,2024-01-04 14:53:00,179,FAILED,CARD,London
95,136,2024-01-01 15:32:00,504,COMPLETED,ONLINE,Manchester
96,127,2024-01-07 05:41:00,508,COMPLETED,ONLINE,Manchester
97,119,2024-01-04 09:32:00,333,CANCELLED,GOOGLE_PAY,Birmingham
98,116,2024-01-04 22:50:00,703,FAILED,ONLINE,London
99,124,2024-01-03 04:17:00,243,COMPLETED,ONLINE,Leeds
100,111,2024-01-04 20:32:00,657,COMPLETED,GOOGLE_PAY,Birmingham
101,122,2024-01-02 11:57:00,643,CANCELLED,GOOGLE_PAY,London
102,112,2024-01-03 22:42:00,643,COMPLETED,ONLINE,London
103,136,2024-01-04 17:09:00,107,COMPLETED,GOOGLE_PAY,Liverpool
104,107,2024-01-06 13:59:00,727,CANCELLED,CARD,Liverpool
105,130,2024-01-05 21:25:00,750,COMPLETED,CARD,Manchester
106,134,2024-01-03 05:51:00,529,FAILED,CARD,Birmingham
107,138,2024-01-03 19:00:00,491,COMPLETED,ONLINE,London
108,113,2024-01-01 16:12:00,587,COMPLETED,ONLINE,Liverpool
109,134,2024-01-01 20:11:00,691,COMPLETED,ONLINE,Birmingham
110,114,2024-01-01 12:09:00,151,COMPLETED,GOOGLE_PAY,Manchester
111,113,2024-01-04 19:47:00,594,COMPLETED,GOOGLE_PAY,Manchester
112,117,2024-01-02 18:46:00,560,COMPLETED,ONLINE,London
113,129,2024-01-04 19:01:00,256,COMPLETED,APPLE_PAY,Manchester
114,128,2024-01-03 22:16:00,382,COMPLETED,APPLE_PAY,Birmingham
115,120,2024-01-07 02:04:00,702,COMPLETED,ONLINE,Liverpool
116,113,2024-01-04 00:19:00,465,COMPLETED,CARD,London
117,112,2024-01-07 20:43:00,599,COMPLETED,ONLINE,London
118,137,2024-01-01 17:41:00,117,COMPLETED,APPLE_PAY,Birmingham
119,138,2024-01-03 09:23:00,242,FAILED,CARD,London
120,117,2024-01-07 06:14:00,426,COMPLETED,GOOGLE_PAY,Liverpool
121,127,2024-01-07 11:08:00,762,COMPLETED,GOOGLE_PAY,Leeds
122,118,2024-01-02 19:14:00,616,CANCELLED,APPLE_PAY,Leeds
123,126,2024-01-05 10:28:00,263,COMPLETED,APPLE_PAY,Manchester
124,136,2024-01-07 06:25:00,707,COMPLETED,GOOGLE_PAY,Manchester
125,122,2024-01-03 01:04:00,558,CANCELLED,ONLINE,Birmingham
126,136,2024-01-07 16:12:00,719,COMPLETED,ONLINE,Leeds
127,121,2024-01-05 16:07:00,113,COMPLETED,APPLE_PAY,Manchester
128,138,2024-01-04 01:24:00,208,COMPLETED,APPLE_PAY,Manchester
129,138,2024-01-07 22:18:00,259,CANCELLED,GOOGLE_PAY,Liverpool
130,133,2024-01-03 19:15:00,449,COMPLETED,CARD,Leeds
131,113,2024-01-03 00:57:00,718,COMPLETED,ONLINE,Manchester
132,134,2024-01-03 09:12:00,385,COMPLETED,APPLE_PAY,London
133,104,2024-01-05 02:22:00,504,COMPLETED,GOOGLE_PAY,Birmingham
134,131,2024-01-02 09:31:00,125,CANCELLED,GOOGLE_PAY,Manchester
135,114,2024-01-03 09:35:00,185,COMPLETED,ONLINE,Leeds
136,105,2024-01-06 11:33:00,330,COMPLETED,APPLE_PAY,Liverpool
137,104,2024-01-03 18:33:00,360,COMPLETED,GOOGLE_PAY,Leeds
138,113,2024-01-02 22:51:00,691,COMPLETED,CARD,Manchester
139,122,2024-01-05 23:38:00,489,CANCELLED,GOOGLE_PAY,London
140,120,2024-01-07 20:42:00,253,FAILED,ONLINE,Liverpool
141,135,2024-01-05 19:48:00,777,COMPLETED,CARD,Manchester
142,132,2024-01-03 14:59:00,340,COMPLETED,APPLE_PAY,Birmingham
143,133,2024-01-07 17:56:00,703,CANCELLED,APPLE_PAY,Birmingham
144,124,2024-01-01 22:00:00,129,COMPLETED,ONLINE,Liverpool
145,104,2024-01-01 19:51:00,445,COMPLETED,ONLINE,London
146,104,2024-01-05 11:40:00,792,CANCELLED,APPLE_PAY,Leeds
147,123,2024-01-05 02:47:00,233,CANCELLED,CARD,Manchester
148,116,2024-01-04 08:06:00,719,COMPLETED,ONLINE,Birmingham
149,115,2024-01-08 03:57:00,661,COMPLETED,CARD,Liverpool
150,109,2024-01-01 15:06:00,233,FAILED,ONLINE,Leeds
151,112,2024-01-06 15:16:00,498,FAILED,ONLINE,Liverpool
152,136,2024-01-01 17:47:00,717,COMPLETED,GOOGLE_PAY,Birmingham
153,132,2024-01-02 04:29:00,688,CANCELLED,APPLE_PAY,Manchester
154,114,2024-01-03 01:46:00,160,COMPLETED,APPLE_PAY,London
155,111,2024-01-04 03:16:00,705,CANCELLED,CARD,Manchester
156,115,2024-01-05 08:11:00,758,FAILED,CARD,London
157,116,2024-01-01 15:25:00,225,COMPLETED,CARD,Liverpool
158,129,2024-01-02 05:35:00,788,CANCELLED,APPLE_PAY,Leeds
159,137,2024-01-01 20:52:00,343,COMPLETED,ONLINE,Leeds
160,114,2024-01-01 12:35:00,280,COMPLETED,APPLE_PAY,Leeds
161,108,2024-01-02 20:33:00,129,FAILED,CARD,London
162,117,2024-01-04 16:12:00,329,COMPLETED,GOOGLE_PAY,Birmingham
163,109,2024-01-04 14:51:00,597,COMPLETED,APPLE_PAY,Birmingham
164,128,2024-01-05 14:54:00,626,COMPLETED,CARD,Leeds
165,116,2024-01-04 18:52:00,674,FAILED,GOOGLE_PAY,Leeds
166,112,2024-01-03 01:24:00,482,CANCELLED,ONLINE,Manchester
167,125,2024-01-01 17:20:00,286,CANCELLED,ONLINE,London
168,101,2024-01-08 03:58:00,397,CANCELLED,ONLINE,Liverpool
169,104,2024-01-05 17:06:00,620,FAILED,ONLINE,Liverpool
170,124,2024-01-03 04:56:00,356,COMPLETED,APPLE_PAY,London
171,137,2024-01-07 18:08:00,539,COMPLETED,ONLINE,London
172,125,2024-01-04 07:32:00,327,FAILED,APPLE_PAY,Leeds
173,123,2024-01-04 07:27:00,632,COMPLETED,GOOGLE_PAY,London
174,133,2024-01-08 03:13:00,409,CANCELLED,GOOGLE_PAY,Birmingham
175,135,2024-01-02 11:37:00,747,CANCELLED,ONLINE,Liverpool
176,102,2024-01-05 14:01:00,550,COMPLETED,CARD,Manchester
177,115,2024-01-02 23:46:00,326,COMPLETED,GOOGLE_PAY,Leeds
178,119,2024-01-05 13:14:00,654,FAILED,APPLE_PAY,Liverpool
179,103,2024-01-03 08:30:00,243,FAILED,CARD,Liverpool
180,126,2024-01-03 10:22:00,457,FAILED,CARD,Liverpool
181,131,2024-01-05 09:27:00,573,FAILED,GOOGLE_PAY,London
182,107,2024-01-06 12:29:00,347,CANCELLED,GOOGLE_PAY,Leeds
183,128,2024-01-05 04:35:00,765,COMPLETED,GOOGLE_PAY,Manchester
184,110,2024-01-01 22:07:00,791,COMPLETED,ONLINE,Leeds
185,135,2024-01-07 04:55:00,549,FAILED,ONLINE,Leeds
186,137,2024-01-07 18:54:00,736,FAILED,CARD,Manchester
187,119,2024-01-05 13:38:00,190,CANCELLED,APPLE_PAY,Birmingham
188,135,2024-01-05 15:28:00,167,COMPLETED,CARD,Liverpool
189,111,2024-01-04 11:57:00,564,COMPLETED,CARD,Leeds
190,110,2024-01-02 14:11:00,572,FAILED,CARD,Birmingham
191,125,2024-01-06 22:27:00,730,COMPLETED,CARD,Manchester
192,120,2024-01-06 23:28:00,584,CANCELLED,CARD,Manchester
193,114,2024-01-06 11:38:00,586,FAILED,APPLE_PAY,Leeds
194,105,2024-01-04 13:29:00,302,COMPLETED,CARD,Leeds
195,112,2024-01-06 11:46:00,493,CANCELLED,APPLE_PAY,Birmingham
196,102,2024-01-03 13:26:00,717,CANCELLED,CARD,Liverpool
197,120,2024-01-07 21:53:00,313,COMPLETED,CARD,London
198,128,2024-01-05 06:35:00,697,FAILED,APPLE_PAY,Manchester
199,111,2024-01-07 16:11:00,277,COMPLETED,GOOGLE_PAY,Leeds
200,106,2024-01-06 08:09:00,213,COMPLETED,ONLINE,Leeds
201,132,2024-01-07 23:02:00,349,COMPLETED,ONLINE,Birmingham
202,108,2024-01-01 12:53:00,797,FAILED,CARD,London
203,107,2024-01-05 08:56:00,705,CANCELLED,CARD,Liverpool
204,131,2024-01-03 15:09:00,404,FAILED,GOOGLE_PAY,London
205,113,2024-01-07 17:17:00,487,CANCELLED,APPLE_PAY,London
206,118,2024-01-02 04:18:00,591,CANCELLED,APPLE_PAY,Leeds
207,127,2024-01-01 20:03:00,408,CANCELLED,APPLE_PAY,Leeds
208,105,2024-01-06 14:58:00,719,COMPLETED,APPLE_PAY,Leeds
209,115,2024-01-06 04:45:00,675,CANCELLED,ONLINE,Birmingham
210,137,2024-01-04 21:57:00,750,COMPLETED,CARD,London
211,111,2024-01-02 14:16:00,414,COMPLETED,APPLE_PAY,London
212,103,2024-01-03 16:01:00,463,COMPLETED,APPLE_PAY,Leeds
213,116,2024-01-01 16:22:00,230,COMPLETED,GOOGLE_PAY,Birmingham
214,134,2024-01-05 14:17:00,473,COMPLETED,CARD,Leeds
215,114,2024-01-03 01:52:00,592,COMPLETED,CARD,Birmingham
216,140,2024-01-04 04:48:00,182,COMPLETED,CARD,Leeds
217,122,2024-01-08 05:43:00,350,FAILED,CARD,Liverpool
218,121,2024-01-07 16:22:00,113,COMPLETED,APPLE_PAY,Manchester
219,123,2024-01-04 18:23:00,297,FAILED,GOOGLE_PAY,Birmingham
220,123,2024-01-07 22:19:00,546,COMPLETED,ONLINE,Manchester
221,109,2024-01-02 07:23:00,140,FAILED,CARD,Liverpool
222,123,2024-01-07 20:01:00,423,COMPLETED,APPLE_PAY,London
223,107,2024-01-07 19:37:00,579,COMPLETED,APPLE_PAY,Birmingham
224,111,2024-01-01 17:42:00,663,COMPLETED,ONLINE,Leeds
225,103,2024-01-05 02:10:00,247,FAILED,ONLINE,Birmingham
226,102,2024-01-06 08:17:00,302,FAILED,GOOGLE_PAY,Liverpool
227,138,2024-01-01 12:46:00,681,FAILED,CARD,London
228,122,2024-01-05 17:19:00,144,CANCELLED,CARD,Birmingham
229,119,2024-01-05 17:31:00,625,FAILED,CARD,Liverpool
230,104,2024-01-06 22:44:00,294,COMPLETED,ONLINE,Leeds
231,124,2024-01-03 15:59:00,149,COMPLETED,APPLE_PAY,Leeds
232,107,2024-01-01 18:19:00,256,COMPLETED,ONLINE,Birmingham
233,133,2024-01-03 00:07:00,315,COMPLETED,GOOGLE_PAY,Manchester
234,104,2024-01-04 04:25:00,142,COMPLETED,GOOGLE_PAY,London
235,127,2024-01-01 21:09:00,576,CANCELLED,ONLINE,Birmingham
236,103,2024-01-06 02:22:00,398,COMPLETED,GOOGLE_PAY,Liverpool
237,130,2024-01-05 19:48:00,164,FAILED,APPLE_PAY,Manchester
238,129,2024-01-05 01:42:00,241,COMPLETED,APPLE_PAY,Leeds
239,132,2024-01-04 06:41:00,256,COMPLETED,ONLINE,Birmingham
240,120,2024-01-06 09:22:00,716,COMPLETED,APPLE_PAY,Liverpool
241,137,2024-01-02 05:22:00,140,COMPLETED,CARD,Birmingham
242,135,2024-01-01 12:58:00,186,COMPLETED,CARD,Liverpool
243,107,2024-01-01 17:36:00,229,COMPLETED,APPLE_PAY,London
244,136,2024-01-04 01:42:00,225,FAILED,ONLINE,Leeds
245,126,2024-01-04 11:11:00,795,CANCELLED,APPLE_PAY,Birmingham
246,115,2024-01-02 22:44:00,501,COMPLETED,GOOGLE_PAY,Liverpool
247,112,2024-01-01 10:36:00,358,FAILED,APPLE_PAY,Leeds
248,110,2024-01-06 03:41:00,701,CANCELLED,APPLE_PAY,Birmingham
249,138,2024-01-04 17:18:00,245,COMPLETED,APPLE_PAY,Liverpool
250,132,2024-01-01 16:46:00,559,COMPLETED,APPLE_PAY,Birmingham
251,136,2024-01-03 03:54:00,357,FAILED,GOOGLE_PAY,London
252,116,2024-01-07 13:47:00,697,COMPLETED,CARD,London
253,124,2024-01-05 05:30:00,135,CANCELLED,CARD,Liverpool
254,118,2024-01-04 15:49:00,293,CANCELLED,ONLINE,Manchester
255,110,2024-01-02 21:13:00,531,COMPLETED,GOOGLE_PAY,Leeds
256,104,2024-01-04 13:31:00,452,CANCELLED,GOOGLE_PAY,Birmingham
257,110,2024-01-02 23:04:00,658,COMPLETED,ONLINE,Liverpool
258,126,2024-01-07 02:52:00,544,FAILED,CARD,Leeds
259,105,2024-01-05 07:34:00,388,CANCELLED,GOOGLE_PAY,Leeds
260,135,2024-01-06 03:18:00,636,FAILED,APPLE_PAY,Manchester
261,105,2024-01-04 13:28:00,394,CANCELLED,CARD,Leeds
262,104,2024-01-03 22:22:00,486,CANCELLED,ONLINE,Liverpool
263,119,2024-01-03 07:33:00,268,FAILED,ONLINE,London
264,133,2024-01-07 23:05:00,542,CANCELLED,CARD,Birmingham
265,116,2024-01-07 17:25:00,483,FAILED,CARD,London
266,130,2024-01-05 19:21:00,798,COMPLETED,GOOGLE_PAY,Birmingham
267,138,2024-01-07 06:48:00,205,CANCELLED,ONLINE,Birmingham
268,106,2024-01-05 06:44:00,550,FAILED,ONLINE,Birmingham
269,113,2024-01-04 07:22:00,479,COMPLETED,CARD,Birmingham
270,113,2024-01-06 21:08:00,311,FAILED,CARD,London
271,130,2024-01-02 20:20:00,252,COMPLETED,APPLE_PAY,Birmingham
272,105,2024-01-04 04:36:00,568,CANCELLED,APPLE_PAY,Manchester
273,106,2024-01-08 02:23:00,761,FAILED,APPLE_PAY,Leeds
274,131,2024-01-02 16:50:00,775,COMPLETED,GOOGLE_PAY,London
275,128,2024-01-04 17:28:00,694,CANCELLED,ONLINE,Liverpool
276,110,2024-01-01 16:40:00,523,CANCELLED,CARD,Leeds
277,121,2024-01-05 19:22:00,303,COMPLETED,APPLE_PAY,Liverpool
278,117,2024-01-03 16:58:00,619,COMPLETED,ONLINE,Manchester
279,103,2024-01-03 10:41:00,669,CANCELLED,APPLE_PAY,Manchester
280,108,2024-01-05 23:49:00,649,FAILED,GOOGLE_PAY,Liverpool
281,126,2024-01-08 04:56:00,782,CANCELLED,GOOGLE_PAY,Birmingham
282,134,2024-01-03 13:03:00,369,CANCELLED,ONLINE,Liverpool
283,126,2024-01-07 11:54:00,321,COMPLETED,GOOGLE_PAY,Manchester
284,105,2024-01-05 04:38:00,163,CANCELLED,APPLE_PAY,London
285,108,2024-01-07 08:53:00,720,COMPLETED,CARD,Leeds
286,127,2024-01-07 06:56:00,314,COMPLETED,CARD,Leeds
287,116,2024-01-01 13:15:00,639,COMPLETED,GOOGLE_PAY,Liverpool
288,104,2024-01-02 21:34:00,215,CANCELLED,ONLINE,London
289,111,2024-01-03 07:00:00,167,COMPLETED,APPLE_PAY,Liverpool
290,140,2024-01-06 08:46:00,465,FAILED,GOOGLE_PAY,Liverpool
291,126,2024-01-02 20:00:00,106,COMPLETED,GOOGLE_PAY,Leeds
292,114,2024-01-06 21:54:00,701,COMPLETED,CARD,Birmingham
293,133,2024-01-04 11:24:00,586,CANCELLED,APPLE_PAY,Leeds
294,101,2024-01-04 20:06:00,623,COMPLETED,ONLINE,Birmingham
295,118,2024-01-02 15:35:00,298,COMPLETED,CARD,London
296,119,2024-01-05 06:41:00,287,COMPLETED,GOOGLE_PAY,London
297,110,2024-01-06 11:46:00,384,FAILED,CARD,Manchester
298,116,2024-01-02 12:04:00,636,CANCELLED,ONLINE,Manchester
299,103,2024-01-06 14:53:00,617,COMPLETED,CARD,Birmingham
300,121,2024-01-06 07:12:00,272,COMPLETED,GOOGLE_PAY,Manchester
301,116,2024-01-07 17:48:00,666,COMPLETED,CARD,London
302,126,2024-01-07 18:00:00,265,COMPLETED,GOOGLE_PAY,Manchester
303,110,2024-01-02 00:34:00,285,FAILED,ONLINE,Birmingham
304,119,2024-01-01 13:18:00,288,CANCELLED,ONLINE,Leeds
305,139,2024-01-06 02:33:00,740,COMPLETED,GOOGLE_PAY,Birmingham
306,128,2024-01-07 14:56:00,259,COMPLETED,APPLE_PAY,Leeds
307,116,2024-01-08 03:38:00,229,COMPLETED,GOOGLE_PAY,London
308,117,2024-01-08 05:08:00,606,COMPLETED,GOOGLE_PAY,Liverpool
309,121,2024-01-01 23:43:00,539,COMPLETED,ONLINE,Manchester
310,104,2024-01-06 17:42:00,668,COMPLETED,ONLINE,Leeds
311,111,2024-01-06 19:47:00,322,COMPLETED,CARD,Birmingham
312,134,2024-01-07 14:23:00,689,COMPLETED,CARD,Leeds
313,137,2024-01-05 14:57:00,537,CANCELLED,APPLE_PAY,Manchester
314,106,2024-01-03 04:35:00,508,FAILED,CARD,Leeds
315,119,2024-01-06 17:33:00,397,COMPLETED,GOOGLE_PAY,Manchester
316,131,2024-01-05 04:12:00,680,COMPLETED,APPLE_PAY,Birmingham
317,112,2024-01-02 06:08:00,349,CANCELLED,ONLINE,Liverpool
318,113,2024-01-05 12:15:00,173,COMPLETED,GOOGLE_PAY,Birmingham
319,134,2024-01-05 16:34:00,420,CANCELLED,CARD,Manchester
320,103,2024-01-06 06:12:00,600,COMPLETED,GOOGLE_PAY,London
321,106,2024-01-07 04:42:00,413,COMPLETED,GOOGLE_PAY,Leeds
322,109,2024-01-03 06:40:00,415,CANCELLED,APPLE_PAY,Birmingham
323,125,2024-01-04 06:31:00,247,FAILED,APPLE_PAY,Leeds
324,104,2024-01-08 06:01:00,533,COMPLETED,ONLINE,Liverpool
325,111,2024-01-05 07:24:00,441,CANCELLED,CARD,London
326,137,2024-01-05 02:17:00,556,COMPLETED,APPLE_PAY,Leeds
327,101,2024-01-06 07:23:00,487,COMPLETED,GOOGLE_PAY,Birmingham
328,109,2024-01-06 12:59:00,341,COMPLETED,APPLE_PAY,London
329,130,2024-01-05 16:43:00,793,COMPLETED,ONLINE,London
330,101,2024-01-02 19:57:00,460,FAILED,ONLINE,London
331,105,2024-01-04 12:43:00,216,FAILED,CARD,Leeds
332,103,2024-01-04 07:29:00,359,COMPLETED,APPLE_PAY,Leeds
333,137,2024-01-02 20:58:00,289,COMPLETED,GOOGLE_PAY,Leeds
334,111,2024-01-02 23:05:00,220,COMPLETED,GOOGLE_PAY,Birmingham
335,138,2024-01-02 19:13:00,576,COMPLETED,ONLINE,Liverpool
336,138,2024-01-03 18:25:00,401,COMPLETED,CARD,Leeds
337,112,2024-01-03 10:08:00,221,COMPLETED,GOOGLE_PAY,Manchester
338,111,2024-01-03 16:52:00,446,COMPLETED,GOOGLE_PAY,Birmingham
339,126,2024-01-05 00:19:00,763,FAILED,GOOGLE_PAY,London
340,123,2024-01-04 16:38:00,134,COMPLETED,GOOGLE_PAY,Birmingham
341,132,2024-01-02 12:09:00,389,FAILED,APPLE_PAY,Manchester
342,105,2024-01-06 02:56:00,594,COMPLETED,APPLE_PAY,Manchester
343,126,2024-01-08 06:04:00,374,COMPLETED,GOOGLE_PAY,Manchester
344,128,2024-01-02 21:38:00,467,FAILED,CARD,Liverpool
345,119,2024-01-04 09:12:00,343,COMPLETED,CARD,Manchester
346,108,2024-01-04 15:06:00,481,FAILED,CARD,Liverpool
347,102,2024-01-06 18:16:00,348,COMPLETED,GOOGLE_PAY,Birmingham
348,103,2024-01-05 11:38:00,401,COMPLETED,APPLE_PAY,Liverpool
349,137,2024-01-03 13:55:00,412,COMPLETED,ONLINE,Manchester
350,128,2024-01-04 03:25:00,387,FAILED,ONLINE,Manchester
351,139,2024-01-04 03:33:00,682,COMPLETED,GOOGLE_PAY,Liverpool
352,111,2024-01-07 17:57:00,356,CANCELLED,GOOGLE_PAY,Birmingham
353,127,2024-01-07 12:35:00,760,CANCELLED,GOOGLE_PAY,London
354,122,2024-01-03 20:18:00,479,CANCELLED,APPLE_PAY,Liverpool
355,106,2024-01-04 02:47:00,551,COMPLETED,APPLE_PAY,London
356,137,2024-01-04 08:21:00,236,COMPLETED,CARD,London
357,101,2024-01-06 19:40:00,239,CANCELLED,CARD,London
358,109,2024-01-06 21:17:00,382,COMPLETED,APPLE_PAY,Birmingham
359,119,2024-01-03 10:27:00,686,COMPLETED,CARD,Birmingham
360,104,2024-01-07 04:24:00,512,COMPLETED,CARD,Liverpool
361,116,2024-01-04 19:24:00,605,FAILED,APPLE_PAY,Leeds
362,129,2024-01-08 06:29:00,287,COMPLETED,CARD,London
363,128,2024-01-05 14:50:00,769,COMPLETED,APPLE_PAY,Manchester
364,131,2024-01-02 02:35:00,537,CANCELLED,CARD,Leeds
365,129,2024-01-06 04:39:00,752,COMPLETED,APPLE_PAY,London
366,119,2024-01-07 04:34:00,604,COMPLETED,ONLINE,Liverpool
367,126,2024-01-06 10:53:00,522,COMPLETED,CARD,Leeds
368,126,2024-01-02 20:33:00,713,COMPLETED,APPLE_PAY,Leeds
369,107,2024-01-06 05:19:00,147,CANCELLED,GOOGLE_PAY,London
370,105,2024-01-03 14:29:00,417,COMPLETED,APPLE_PAY,Leeds
371,105,2024-01-03 18:04:00,455,CANCELLED,CARD,Birmingham
372,129,2024-01-03 06:05:00,507,COMPLETED,APPLE_PAY,Leeds
373,111,2024-01-02 12:18:00,427,COMPLETED,ONLINE,London
374,111,2024-01-01 20:50:00,188,COMPLETED,GOOGLE_PAY,Manchester
375,113,2024-01-01 10:44:00,669,CANCELLED,CARD,Liverpool
376,120,2024-01-02 11:06:00,570,COMPLETED,GOOGLE_PAY,Birmingham
377,134,2024-01-05 19:00:00,707,FAILED,ONLINE,Birmingham
378,137,2024-01-01 13:56:00,224,COMPLETED,CARD,Birmingham
379,137,2024-01-04 04:20:00,577,FAILED,ONLINE,London
380,109,2024-01-05 03:12:00,117,COMPLETED,GOOGLE_PAY,Manchester
381,106,2024-01-06 03:14:00,197,COMPLETED,GOOGLE_PAY,London
382,126,2024-01-05 12:19:00,412,FAILED,CARD,London
383,138,2024-01-03 01:31:00,210,COMPLETED,ONLINE,Manchester
384,137,2024-01-06 06:53:00,523,COMPLETED,GOOGLE_PAY,Leeds
385,139,2024-01-03 01:45:00,396,COMPLETED,CARD,London
386,115,2024-01-06 08:45:00,560,COMPLETED,ONLINE,Liverpool
387,125,2024-01-07 14:49:00,766,COMPLETED,APPLE_PAY,Birmingham
388,105,2024-01-02 16:35:00,104,COMPLETED,APPLE_PAY,Liverpool
389,118,2024-01-03 21:44:00,701,COMPLETED,APPLE_PAY,Liverpool
390,133,2024-01-01 18:03:00,663,COMPLETED,ONLINE,Birmingham
391,135,2024-01-06 01:27:00,628,FAILED,GOOGLE_PAY,Leeds
392,117,2024-01-05 07:52:00,759,CANCELLED,GOOGLE_PAY,Liverpool
393,139,2024-01-04 08:58:00,145,COMPLETED,GOOGLE_PAY,Birmingham
394,105,2024-01-07 15:28:00,105,FAILED,APPLE_PAY,London
395,124,2024-01-02 13:16:00,789,COMPLETED,ONLINE,Leeds
396,114,2024-01-06 14:37:00,557,FAILED,APPLE_PAY,London
397,140,2024-01-02 16:28:00,370,CANCELLED,GOOGLE_PAY,Birmingham
398,103,2024-01-06 10:37:00,361,COMPLETED,CARD,London
399,131,2024-01-08 02:29:00,189,CANCELLED,GOOGLE_PAY,London
400,114,2024-01-03 15:03:00,654,COMPLETED,GOOGLE_PAY,Manchester
401,105,2024-01-07 04:08:00,106,COMPLETED,CARD,London
402,102,2024-01-01 17:02:00,148,FAILED,GOOGLE_PAY,Liverpool
403,121,2024-01-05 16:51:00,656,CANCELLED,APPLE_PAY,Leeds
404,109,2024-01-02 08:50:00,260,COMPLETED,APPLE_PAY,Liverpool
405,114,2024-01-04 08:06:00,649,COMPLETED,GOOGLE_PAY,Birmingham
406,112,2024-01-03 18:31:00,296,COMPLETED,ONLINE,Leeds
407,126,2024-01-07 08:54:00,705,COMPLETED,GOOGLE_PAY,London
408,103,2024-01-05 15:29:00,642,COMPLETED,CARD,Birmingham
409,132,2024-01-06 02:24:00,648,COMPLETED,ONLINE,Leeds
410,130,2024-01-02 11:21:00,336,COMPLETED,APPLE_PAY,Liverpool
411,124,2024-01-04 10:57:00,711,COMPLETED,ONLINE,Birmingham
412,103,2024-01-07 18:53:00,130,COMPLETED,GOOGLE_PAY,Liverpool
413,131,2024-01-04 18:05:00,360,CANCELLED,ONLINE,London
414,127,2024-01-02 15:42:00,515,COMPLETED,ONLINE,Leeds
415,129,2024-01-04 06:14:00,729,CANCELLED,ONLINE,Liverpool
416,110,2024-01-05 19:55:00,758,COMPLETED,ONLINE,Leeds
417,102,2024-01-03 06:26:00,512,COMPLETED,GOOGLE_PAY,Birmingham
418,124,2024-01-04 11:59:00,338,FAILED,CARD,Manchester
419,130,2024-01-06 06:53:00,745,FAILED,GOOGLE_PAY,London
420,126,2024-01-07 22:59:00,578,COMPLETED,ONLINE,Manchester
421,124,2024-01-02 02:18:00,215,FAILED,GOOGLE_PAY,Leeds
422,120,2024-01-04 11:52:00,328,COMPLETED,GOOGLE_PAY,Liverpool
423,129,2024-01-05 08:46:00,123,COMPLETED,ONLINE,London
424,119,2024-01-06 19:10:00,528,CANCELLED,GOOGLE_PAY,Manchester
425,110,2024-01-01 21:44:00,699,COMPLETED,CARD,Manchester
426,122,2024-01-05 07:45:00,176,COMPLETED,CARD,Birmingham
427,108,2024-01-07 05:05:00,476,FAILED,APPLE_PAY,London
428,103,2024-01-04 07:54:00,603,COMPLETED,CARD,London
429,124,2024-01-06 02:36:00,276,COMPLETED,GOOGLE_PAY,Liverpool
430,126,2024-01-03 12:41:00,181,CANCELLED,GOOGLE_PAY,Liverpool
431,111,2024-01-06 14:47:00,602,COMPLETED,APPLE_PAY,Manchester
432,119,2024-01-07 14:48:00,310,COMPLETED,APPLE_PAY,Birmingham
433,115,2024-01-05 09:54:00,140,CANCELLED,APPLE_PAY,London
434,107,2024-01-03 13:50:00,311,COMPLETED,CARD,Liverpool
435,120,2024-01-06 11:35:00,741,CANCELLED,GOOGLE_PAY,Manchester
436,129,2024-01-07 08:11:00,294,FAILED,APPLE_PAY,Liverpool
437,113,2024-01-02 00:22:00,765,CANCELLED,GOOGLE_PAY,Liverpool
438,121,2024-01-07 01:01:00,485,CANCELLED,GOOGLE_PAY,Liverpool
439,122,2024-01-01 11:20:00,324,CANCELLED,CARD,London
440,127,2024-01-06 21:46:00,206,FAILED,CARD,Birmingham
441,140,2024-01-02 23:43:00,576,FAILED,ONLINE,Leeds
442,140,2024-01-02 17:06:00,185,COMPLETED,GOOGLE_PAY,Leeds
443,134,2024-01-02 20:50:00,269,CANCELLED,GOOGLE_PAY,London
444,125,2024-01-01 16:34:00,430,COMPLETED,CARD,London
445,137,2024-01-06 06:41:00,544,FAILED,CARD,Leeds
446,134,2024-01-02 11:18:00,313,FAILED,GOOGLE_PAY,Liverpool
447,112,2024-01-02 08:41:00,666,CANCELLED,GOOGLE_PAY,Leeds
448,133,2024-01-01 09:57:00,337,COMPLETED,GOOGLE_PAY,Liverpool
449,122,2024-01-03 15:50:00,705,FAILED,APPLE_PAY,Birmingham
450,113,2024-01-07 17:34:00,470,COMPLETED,CARD,London
451,129,2024-01-02 07:54:00,140,COMPLETED,GOOGLE_PAY,Manchester
452,113,2024-01-06 21:18:00,780,COMPLETED,ONLINE,Leeds
453,134,2024-01-06 21:35:00,393,COMPLETED,ONLINE,Birmingham
454,103,2024-01-07 21:12:00,256,COMPLETED,ONLINE,Liverpool
455,109,2024-01-08 00:00:00,592,FAILED,ONLINE,Leeds
456,135,2024-01-07 14:48:00,651,CANCELLED,ONLINE,Leeds
457,110,2024-01-05 21:49:00,614,CANCELLED,APPLE_PAY,Leeds
458,105,2024-01-05 10:52:00,302,COMPLETED,CARD,London
459,124,2024-01-03 04:36:00,281,CANCELLED,GOOGLE_PAY,Birmingham
460,112,2024-01-07 00:24:00,680,CANCELLED,ONLINE,Liverpool
461,134,2024-01-07 12:44:00,207,CANCELLED,ONLINE,Birmingham
462,112,2024-01-04 02:55:00,716,FAILED,ONLINE,Birmingham
463,106,2024-01-02 16:39:00,213,COMPLETED,CARD,Liverpool
464,104,2024-01-03 03:33:00,352,COMPLETED,CARD,London
465,138,2024-01-04 00:58:00,438,COMPLETED,CARD,Liverpool
466,122,2024-01-05 07:15:00,552,CANCELLED,GOOGLE_PAY,London
467,104,2024-01-08 01:41:00,564,COMPLETED,CARD,Liverpool
468,108,2024-01-04 05:43:00,321,COMPLETED,APPLE_PAY,London
469,113,2024-01-06 01:49:00,328,COMPLETED,CARD,Birmingham
470,133,2024-01-07 15:54:00,763,COMPLETED,APPLE_PAY,London
471,122,2024-01-06 10:33:00,620,COMPLETED,ONLINE,Liverpool
472,112,2024-01-02 11:38:00,612,COMPLETED,CARD,Leeds
473,115,2024-01-02 12:09:00,594,COMPLETED,CARD,Leeds
474,110,2024-01-07 16:01:00,700,COMPLETED,ONLINE,Birmingham
475,111,2024-01-07 19:07:00,439,CANCELLED,APPLE_PAY,Liverpool
476,114,2024-01-06 15:58:00,233,COMPLETED,APPLE_PAY,Leeds
477,110,2024-01-03 11:07:00,481,COMPLETED,ONLINE,Leeds
478,135,2024-01-01 09:14:00,590,COMPLETED,CARD,Liverpool
479,108,2024-01-05 15:34:00,724,FAILED,GOOGLE_PAY,Birmingham
480,130,2024-01-07 20:10:00,377,COMPLETED,CARD,Birmingham
481,118,2024-01-07 14:23:00,787,CANCELLED,APPLE_PAY,Birmingham
482,126,2024-01-02 12:13:00,493,COMPLETED,CARD,London
483,135,2024-01-03 02:07:00,761,COMPLETED,CARD,Birmingham
484,137,2024-01-01 21:58:00,527,COMPLETED,CARD,Leeds
485,140,2024-01-01 17:59:00,749,COMPLETED,CARD,Birmingham
486,111,2024-01-04 15:59:00,797,CANCELLED,ONLINE,London
487,111,2024-01-04 07:57:00,125,FAILED,CARD,Leeds
488,104,2024-01-08 07:03:00,659,COMPLETED,CARD,Leeds
489,114,2024-01-01 10:36:00,701,COMPLETED,ONLINE,Leeds
490,117,2024-01-03 17:56:00,271,COMPLETED,APPLE_PAY,Liverpool
491,103,2024-01-06 13:03:00,693,COMPLETED,ONLINE,Liverpool
492,108,2024-01-02 14:56:00,606,COMPLETED,GOOGLE_PAY,Liverpool
493,139,2024-01-06 15:55:00,647,COMPLETED,ONLINE,Liverpool
494,110,2024-01-06 15:06:00,792,COMPLETED,CARD,Leeds
495,128,2024-01-04 12:58:00,647,COMPLETED,CARD,Leeds
496,136,2024-01-07 20:21:00,316,COMPLETED,ONLINE,Birmingham
497,116,2024-01-05 13:35:00,456,FAILED,APPLE_PAY,Birmingham
498,128,2024-01-05 12:33:00,723,COMPLETED,CARD,London
499,134,2024-01-07 15:24:00,272,COMPLETED,ONLINE,Birmingham
500,125,2024-01-03 16:38:00,441,COMPLETED,GOOGLE_PAY,Liverpool
501,124,2024-01-03 19:43:00,209,COMPLETED,ONLINE,Leeds
502,103,2024-01-04 14:19:00,280,FAILED,APPLE_PAY,Liverpool
503,111,2024-01-05 06:23:00,374,FAILED,CARD,London
504,123,2024-01-03 10:47:00,310,COMPLETED,GOOGLE_PAY,London
505,101,2024-01-02 05:58:00,244,CANCELLED,GOOGLE_PAY,Liverpool
506,120,2024-01-02 17:35:00,550,CANCELLED,ONLINE,Manchester
507,126,2024-01-08 02:09:00,305,CANCELLED,CARD,Leeds
508,132,2024-01-03 04:37:00,328,COMPLETED,ONLINE,Liverpool
509,122,2024-01-02 22:20:00,200,FAILED,CARD,Birmingham
510,134,2024-01-02 10:57:00,466,COMPLETED,ONLINE,Leeds
511,133,2024-01-01 23:17:00,121,COMPLETED,CARD,Liverpool
512,125,2024-01-03 18:42:00,151,COMPLETED,ONLINE,Leeds
513,136,2024-01-04 17:08:00,148,COMPLETED,CARD,Manchester
514,121,2024-01-01 10:33:00,719,FAILED,ONLINE,Manchester
515,102,2024-01-04 12:28:00,433,CANCELLED,GOOGLE_PAY,Leeds
516,121,2024-01-02 00:41:00,620,COMPLETED,ONLINE,Manchester
517,101,2024-01-03 15:36:00,735,CANCELLED,APPLE_PAY,Birmingham
518,140,2024-01-05 11:09:00,709,COMPLETED,CARD,Leeds
519,104,2024-01-05 17:47:00,147,COMPLETED,CARD,Birmingham
520,117,2024-01-06 22:08:00,456,COMPLETED,APPLE_PAY,Liverpool
521,135,2024-01-01 10:08:00,708,COMPLETED,GOOGLE_PAY,London
522,118,2024-01-01 15:20:00,175,COMPLETED,ONLINE,Birmingham
523,106,2024-01-02 08:34:00,513,COMPLETED,ONLINE,London
524,127,2024-01-02 14:23:00,386,COMPLETED,GOOGLE_PAY,Leeds
525,133,2024-01-07 08:32:00,361,COMPLETED,GOOGLE_PAY,Liverpool
526,126,2024-01-04 13:00:00,671,COMPLETED,ONLINE,Manchester
527,110,2024-01-03 20:53:00,174,FAILED,ONLINE,London
528,109,2024-01-07 06:21:00,691,COMPLETED,GOOGLE_PAY,Birmingham
529,111,2024-01-01 22:45:00,679,COMPLETED,ONLINE,London
530,133,2024-01-05 02:14:00,626,FAILED,GOOGLE_PAY,Manchester
531,110,2024-01-02 20:19:00,615,COMPLETED,ONLINE,Liverpool
532,128,2024-01-02 09:22:00,658,FAILED,APPLE_PAY,Birmingham
533,131,2024-01-06 03:02:00,221,FAILED,ONLINE,Manchester
534,106,2024-01-08 00:16:00,525,COMPLETED,APPLE_PAY,Liverpool
535,138,2024-01-05 17:08:00,714,COMPLETED,APPLE_PAY,Birmingham
536,132,2024-01-03 09:32:00,667,COMPLETED,ONLINE,London
537,132,2024-01-06 12:28:00,667,COMPLETED,GOOGLE_PAY,Liverpool
538,133,2024-01-02 17:49:00,372,COMPLETED,APPLE_PAY,London
539,130,2024-01-04 18:36:00,365,COMPLETED,APPLE_PAY,Manchester
540,129,2024-01-04 06:34:00,482,FAILED,CARD,Birmingham
541,112,2024-01-07 06:29:00,169,CANCELLED,APPLE_PAY,Birmingham
542,102,2024-01-07 01:00:00,192,FAILED,CARD,London
543,118,2024-01-04 14:46:00,417,COMPLETED,ONLINE,Birmingham
544,103,2024-01-07 08:06:00,546,COMPLETED,CARD,London
545,125,2024-01-02 07:05:00,606,COMPLETED,APPLE_PAY,London
546,127,2024-01-04 01:20:00,620,COMPLETED,APPLE_PAY,Leeds
547,139,2024-01-03 21:26:00,218,COMPLETED,ONLINE,Leeds
548,128,2024-01-03 08:58:00,581,FAILED,ONLINE,Birmingham
549,116,2024-01-06 11:08:00,526,COMPLETED,APPLE_PAY,Leeds
550,127,2024-01-02 12:36:00,734,COMPLETED,GOOGLE_PAY,Liverpool
551,126,2024-01-01 16:53:00,430,FAILED,APPLE_PAY,Liverpool
552,104,2024-01-01 10:11:00,440,COMPLETED,APPLE_PAY,Leeds
553,125,2024-01-02 11:59:00,365,COMPLETED,ONLINE,Liverpool
554,116,2024-01-07 20:04:00,220,COMPLETED,GOOGLE_PAY,Leeds
555,127,2024-01-02 05:34:00,324,COMPLETED,ONLINE,Manchester
556,137,2024-01-02 23:46:00,722,COMPLETED,ONLINE,Liverpool
557,101,2024-01-07 01:41:00,179,COMPLETED,CARD,Liverpool
558,131,2024-01-02 22:02:00,258,COMPLETED,CARD,Birmingham
559,139,2024-01-08 01:52:00,160,COMPLETED,GOOGLE_PAY,Leeds
560,104,2024-01-06 01:28:00,438,COMPLETED,APPLE_PAY,Birmingham
561,121,2024-01-04 12:21:00,750,FAILED,GOOGLE_PAY,Leeds
562,140,2024-01-04 07:15:00,720,COMPLETED,CARD,Birmingham
563,123,2024-01-03 14:50:00,607,COMPLETED,GOOGLE_PAY,Manchester
564,132,2024-01-08 03:18:00,431,FAILED,GOOGLE_PAY,Birmingham
565,112,2024-01-01 14:41:00,622,CANCELLED,ONLINE,Liverpool
566,122,2024-01-05 19:45:00,446,COMPLETED,ONLINE,London
567,106,2024-01-03 08:52:00,721,FAILED,CARD,Leeds
568,129,2024-01-03 17:27:00,544,CANCELLED,ONLINE,Birmingham
569,118,2024-01-05 15:02:00,210,COMPLETED,CARD,Liverpool
570,112,2024-01-06 00:57:00,380,FAILED,CARD,Leeds
571,121,2024-01-05 23:26:00,102,CANCELLED,CARD,Liverpool
572,114,2024-01-02 14:04:00,676,FAILED,ONLINE,Manchester
573,125,2024-01-01 11:35:00,466,COMPLETED,GOOGLE_PAY,Liverpool
574,114,2024-01-02 15:33:00,466,COMPLETED,ONLINE,Manchester
575,113,2024-01-03 09:12:00,156,FAILED,ONLINE,London
576,113,2024-01-06 04:48:00,160,FAILED,APPLE_PAY,Birmingham
577,112,2024-01-03 12:29:00,204,COMPLETED,CARD,Birmingham
578,105,2024-01-04 09:47:00,313,COMPLETED,APPLE_PAY,Manchester
579,113,2024-01-06 20:01:00,344,CANCELLED,CARD,Liverpool
580,129,2024-01-05 17:54:00,446,FAILED,APPLE_PAY,Leeds
581,120,2024-01-06 23:13:00,500,COMPLETED,ONLINE,Manchester
582,136,2024-01-01 16:09:00,504,CANCELLED,ONLINE,Liverpool
583,104,2024-01-07 01:36:00,427,FAILED,APPLE_PAY,Manchester
584,104,2024-01-06 05:50:00,104,COMPLETED,GOOGLE_PAY,London
585,123,2024-01-02 02:31:00,746,COMPLETED,APPLE_PAY,Leeds
586,120,2024-01-08 02:21:00,417,COMPLETED,APPLE_PAY,Manchester
587,132,2024-01-03 21:14:00,179,COMPLETED,ONLINE,Liverpool
588,101,2024-01-06 02:00:00,391,CANCELLED,CARD,London
589,102,2024-01-05 09:27:00,171,COMPLETED,GOOGLE_PAY,Liverpool
590,139,2024-01-06 13:57:00,202,COMPLETED,CARD,Liverpool
591,125,2024-01-05 19:36:00,430,COMPLETED,ONLINE,Leeds
592,113,2024-01-04 07:20:00,157,COMPLETED,GOOGLE_PAY,Birmingham
593,125,2024-01-05 22:16:00,393,FAILED,CARD,London
594,140,2024-01-06 11:49:00,245,COMPLETED,APPLE_PAY,Leeds
595,138,2024-01-02 01:46:00,753,CANCELLED,GOOGLE_PAY,Manchester
596,124,2024-01-03 18:50:00,179,CANCELLED,ONLINE,Leeds
597,130,2024-01-05 01:43:00,365,COMPLETED,CARD,Birmingham
598,138,2024-01-04 19:34:00,248,COMPLETED,CARD,Manchester
599,140,2024-01-02 05:40:00,231,COMPLETED,APPLE_PAY,London
600,127,2024-01-01 22:50:00,598,COMPLETED,APPLE_PAY,London
601,139,2024-01-04 05:07:00,188,COMPLETED,ONLINE,London
602,114,2024-01-04 00:35:00,351,COMPLETED,ONLINE,Manchester
603,130,2024-01-04 08:15:00,167,COMPLETED,CARD,Liverpool
604,124,2024-01-04 03:47:00,515,COMPLETED,APPLE_PAY,Liverpool
605,103,2024-01-03 19:47:00,303,COMPLETED,CARD,Liverpool
606,120,2024-01-04 08:15:00,258,COMPLETED,CARD,Liverpool
607,103,2024-01-05 14:48:00,790,COMPLETED,APPLE_PAY,Leeds
608,109,2024-01-02 09:11:00,761,FAILED,CARD,Liverpool
609,127,2024-01-04 04:14:00,737,COMPLETED,GOOGLE_PAY,Birmingham
610,103,2024-01-06 05:15:00,772,COMPLETED,GOOGLE_PAY,Manchester
611,136,2024-01-04 09:30:00,653,COMPLETED,APPLE_PAY,London
612,131,2024-01-05 21:39:00,798,COMPLETED,GOOGLE_PAY,London
613,140,2024-01-03 02:06:00,259,CANCELLED,ONLINE,Birmingham
614,135,2024-01-03 19:36:00,494,CANCELLED,CARD,Manchester
615,102,2024-01-08 07:26:00,126,FAILED,GOOGLE_PAY,Leeds
616,127,2024-01-04 07:03:00,613,FAILED,ONLINE,Birmingham
617,103,2024-01-01 17:27:00,351,COMPLETED,ONLINE,Manchester
618,105,2024-01-07 01:34:00,689,COMPLETED,ONLINE,Manchester
619,104,2024-01-04 09:53:00,182,COMPLETED,APPLE_PAY,London
620,104,2024-01-06 02:42:00,648,CANCELLED,CARD,Leeds
621,140,2024-01-07 11:16:00,678,COMPLETED,CARD,Leeds
622,136,2024-01-03 12:47:00,124,COMPLETED,ONLINE,Birmingham
623,127,2024-01-07 23:04:00,143,CANCELLED,GOOGLE_PAY,London
624,127,2024-01-05 02:06:00,510,FAILED,ONLINE,Leeds
625,105,2024-01-07 03:24:00,441,CANCELLED,CARD,Birmingham
626,105,2024-01-01 12:16:00,480,COMPLETED,ONLINE,Birmingham
627,125,2024-01-04 05:21:00,743,COMPLETED,APPLE_PAY,Birmingham
628,107,2024-01-02 19:44:00,150,COMPLETED,ONLINE,London
629,140,2024-01-04 14:25:00,483,COMPLETED,ONLINE,Liverpool
630,129,2024-01-04 19:36:00,654,CANCELLED,ONLINE,Liverpool
631,131,2024-01-07 07:17:00,451,COMPLETED,GOOGLE_PAY,Liverpool
632,103,2024-01-02 10:03:00,761,COMPLETED,GOOGLE_PAY,Birmingham
633,110,2024-01-03 19:07:00,345,COMPLETED,APPLE_PAY,London
634,136,2024-01-05 05:14:00,208,CANCELLED,GOOGLE_PAY,London
635,103,2024-01-02 10:53:00,154,COMPLETED,ONLINE,Leeds
636,109,2024-01-08 01:48:00,548,CANCELLED,APPLE_PAY,Leeds
637,125,2024-01-01 10:02:00,618,COMPLETED,ONLINE,Liverpool
638,116,2024-01-05 16:13:00,120,COMPLETED,ONLINE,Manchester
639,129,2024-01-07 12:12:00,420,COMPLETED,CARD,London
640,127,2024-01-03 23:06:00,535,COMPLETED,GOOGLE_PAY,London
641,111,2024-01-03 20:02:00,630,FAILED,GOOGLE_PAY,Manchester
642,116,2024-01-05 12:40:00,208,FAILED,GOOGLE_PAY,Manchester
643,124,2024-01-05 21:52:00,486,FAILED,GOOGLE_PAY,London
644,105,2024-01-05 06:53:00,275,COMPLETED,GOOGLE_PAY,Manchester
645,101,2024-01-04 12:24:00,542,COMPLETED,ONLINE,Manchester
646,126,2024-01-03 23:25:00,620,FAILED,GOOGLE_PAY,Liverpool
647,104,2024-01-02 15:05:00,307,COMPLETED,CARD,Leeds
648,115,2024-01-08 02:14:00,181,COMPLETED,ONLINE,London
649,121,2024-01-03 04:42:00,640,COMPLETED,ONLINE,Leeds
650,132,2024-01-05 06:56:00,343,CANCELLED,GOOGLE_PAY,Leeds
651,111,2024-01-05 18:43:00,552,COMPLETED,GOOGLE_PAY,Birmingham
652,101,2024-01-02 05:40:00,737,COMPLETED,ONLINE,Leeds
653,133,2024-01-05 19:47:00,386,FAILED,ONLINE,Birmingham
654,104,2024-01-01 19:26:00,185,FAILED,APPLE_PAY,Liverpool
655,127,2024-01-07 12:46:00,747,CANCELLED,GOOGLE_PAY,Liverpool
656,113,2024-01-01 23:23:00,701,CANCELLED,APPLE_PAY,Manchester
657,109,2024-01-01 19:46:00,613,COMPLETED,GOOGLE_PAY,Leeds
658,133,2024-01-03 05:23:00,121,CANCELLED,APPLE_PAY,Liverpool
659,102,2024-01-07 08:18:00,528,CANCELLED,CARD,Leeds
660,136,2024-01-02 02:06:00,500,COMPLETED,ONLINE,Leeds
661,126,2024-01-02 22:24:00,604,COMPLETED,APPLE_PAY,Leeds
662,125,2024-01-02 17:18:00,694,COMPLETED,GOOGLE_PAY,Manchester
663,101,2024-01-06 15:00:00,264,COMPLETED,APPLE_PAY,London
664,123,2024-01-03 06:41:00,457,FAILED,CARD,Manchester
665,136,2024-01-05 03:20:00,237,COMPLETED,APPLE_PAY,London
666,114,2024-01-07 02:18:00,527,CANCELLED,ONLINE,Birmingham
667,132,2024-01-05 07:11:00,534,COMPLETED,ONLINE,Birmingham
668,104,2024-01-03 16:25:00,797,CANCELLED,GOOGLE_PAY,London
669,109,2024-01-04 19:11:00,491,COMPLETED,GOOGLE_PAY,London
670,126,2024-01-03 13:38:00,510,CANCELLED,APPLE_PAY,London
671,118,2024-01-07 23:14:00,723,FAILED,CARD,Leeds
672,108,2024-01-07 23:49:00,297,CANCELLED,CARD,Birmingham
673,107,2024-01-01 14:16:00,287,FAILED,APPLE_PAY,Leeds
674,128,2024-01-04 14:00:00,633,COMPLETED,GOOGLE_PAY,Leeds
675,122,2024-01-06 21:53:00,479,FAILED,APPLE_PAY,London
676,115,2024-01-05 15:32:00,519,FAILED,CARD,Leeds
677,137,2024-01-08 00:37:00,460,FAILED,APPLE_PAY,Leeds
678,110,2024-01-03 10:55:00,667,CANCELLED,APPLE_PAY,Manchester
679,110,2024-01-07 05:18:00,233,COMPLETED,GOOGLE_PAY,London
680,121,2024-01-05 16:13:00,648,COMPLETED,GOOGLE_PAY,Manchester
681,107,2024-01-08 03:31:00,598,COMPLETED,CARD,Liverpool
682,138,2024-01-05 02:40:00,225,COMPLETED,CARD,London
683,118,2024-01-05 18:42:00,606,COMPLETED,APPLE_PAY,Liverpool
684,112,2024-01-04 06:08:00,625,COMPLETED,GOOGLE_PAY,Leeds
685,105,2024-01-07 08:10:00,135,COMPLETED,APPLE_PAY,Leeds
686,105,2024-01-06 16:17:00,377,FAILED,GOOGLE_PAY,Liverpool
687,106,2024-01-01 17:50:00,646,CANCELLED,GOOGLE_PAY,Liverpool
688,129,2024-01-05 23:10:00,594,FAILED,ONLINE,Manchester
689,105,2024-01-05 21:29:00,470,CANCELLED,GOOGLE_PAY,London
690,139,2024-01-06 19:13:00,432,CANCELLED,ONLINE,London
691,118,2024-01-08 01:35:00,697,COMPLETED,CARD,Birmingham
692,130,2024-01-07 04:27:00,494,COMPLETED,ONLINE,Birmingham
693,113,2024-01-02 10:55:00,397,COMPLETED,CARD,Liverpool
694,123,2024-01-02 11:19:00,342,FAILED,CARD,Leeds
695,131,2024-01-05 03:20:00,515,FAILED,APPLE_PAY,Manchester
696,124,2024-01-04 05:12:00,771,COMPLETED,CARD,Leeds
697,128,2024-01-06 16:18:00,798,COMPLETED,ONLINE,Liverpool
698,105,2024-01-02 04:23:00,460,COMPLETED,APPLE_PAY,Liverpool
699,119,2024-01-03 19:50:00,305,CANCELLED,ONLINE,Manchester
700,124,2024-01-04 19:18:00,271,COMPLETED,GOOGLE_PAY,Manchester
701,102,2024-01-02 18:11:00,361,COMPLETED,ONLINE,Leeds
702,113,2024-01-05 14:04:00,320,COMPLETED,CARD,Leeds
703,108,2024-01-02 00:26:00,733,COMPLETED,GOOGLE_PAY,Manchester
704,101,2024-01-04 07:26:00,776,FAILED,CARD,Birmingham
705,132,2024-01-06 11:33:00,134,COMPLETED,GOOGLE_PAY,Leeds
706,123,2024-01-06 23:00:00,763,CANCELLED,APPLE_PAY,Birmingham
707,110,2024-01-01 18:07:00,792,COMPLETED,ONLINE,Liverpool
708,113,2024-01-01 14:35:00,555,COMPLETED,APPLE_PAY,London
709,134,2024-01-03 01:22:00,560,COMPLETED,CARD,Leeds
710,120,2024-01-04 05:07:00,612,COMPLETED,CARD,Liverpool
711,108,2024-01-04 03:30:00,800,COMPLETED,CARD,Liverpool
712,125,2024-01-02 18:40:00,756,COMPLETED,APPLE_PAY,Leeds
713,125,2024-01-05 03:58:00,791,COMPLETED,CARD,Birmingham
714,123,2024-01-02 10:46:00,682,COMPLETED,CARD,Liverpool
715,111,2024-01-04 02:18:00,562,CANCELLED,GOOGLE_PAY,Leeds
716,109,2024-01-02 12:59:00,765,COMPLETED,ONLINE,Leeds
717,106,2024-01-02 22:21:00,714,COMPLETED,APPLE_PAY,Manchester
718,128,2024-01-04 14:29:00,422,CANCELLED,CARD,Birmingham
719,107,2024-01-07 07:49:00,196,COMPLETED,GOOGLE_PAY,London
720,108,2024-01-04 08:27:00,235,CANCELLED,CARD,Birmingham
721,111,2024-01-02 00:47:00,468,COMPLETED,APPLE_PAY,Liverpool
722,140,2024-01-04 09:32:00,324,FAILED,GOOGLE_PAY,Manchester
723,117,2024-01-06 16:38:00,479,COMPLETED,ONLINE,Liverpool
724,133,2024-01-04 18:00:00,574,COMPLETED,APPLE_PAY,Leeds
725,104,2024-01-03 06:09:00,282,CANCELLED,GOOGLE_PAY,Birmingham
726,114,2024-01-03 04:40:00,239,COMPLETED,ONLINE,Leeds
727,112,2024-01-02 16:37:00,685,FAILED,CARD,Liverpool
728,128,2024-01-02 16:53:00,511,COMPLETED,ONLINE,Liverpool
729,103,2024-01-02 04:54:00,576,COMPLETED,ONLINE,Liverpool
730,114,2024-01-06 08:49:00,200,COMPLETED,GOOGLE_PAY,Leeds
731,120,2024-01-04 00:54:00,573,COMPLETED,ONLINE,Liverpool
732,135,2024-01-04 12:56:00,767,FAILED,GOOGLE_PAY,London
733,127,2024-01-08 00:08:00,627,COMPLETED,CARD,London
734,140,2024-01-04 09:38:00,628,FAILED,APPLE_PAY,Leeds
735,107,2024-01-04 17:25:00,731,COMPLETED,ONLINE,Liverpool
736,101,2024-01-05 02:31:00,151,COMPLETED,GOOGLE_PAY,Liverpool
737,139,2024-01-05 16:55:00,656,COMPLETED,ONLINE,Leeds
738,123,2024-01-07 15:03:00,255,FAILED,ONLINE,Leeds
739,135,2024-01-03 23:30:00,704,CANCELLED,CARD,Liverpool
740,130,2024-01-07 07:44:00,569,COMPLETED,ONLINE,Liverpool
741,101,2024-01-02 15:51:00,431,FAILED,ONLINE,Manchester
742,102,2024-01-08 07:21:00,217,COMPLETED,APPLE_PAY,Liverpool
743,118,2024-01-01 14:57:00,258,FAILED,CARD,Liverpool
744,105,2024-01-04 04:11:00,699,FAILED,APPLE_PAY,Leeds
745,137,2024-01-03 04:56:00,303,COMPLETED,CARD,Liverpool
746,121,2024-01-05 19:29:00,515,COMPLETED,GOOGLE_PAY,London
747,101,2024-01-02 06:30:00,783,COMPLETED,ONLINE,London
748,104,2024-01-07 17:49:00,729,COMPLETED,APPLE_PAY,Liverpool
749,140,2024-01-06 01:40:00,432,COMPLETED,ONLINE,Manchester
750,138,2024-01-02 07:52:00,326,COMPLETED,ONLINE,Leeds
751,118,2024-01-04 07:42:00,345,COMPLETED,ONLINE,Birmingham
752,122,2024-01-01 23:31:00,435,FAILED,ONLINE,Liverpool
753,120,2024-01-04 16:00:00,211,COMPLETED,APPLE_PAY,Manchester
754,122,2024-01-06 04:25:00,756,COMPLETED,CARD,Manchester
755,109,2024-01-08 03:49:00,415,CANCELLED,ONLINE,Leeds
756,133,2024-01-02 22:30:00,758,COMPLETED,GOOGLE_PAY,Manchester
757,123,2024-01-04 02:48:00,711,COMPLETED,APPLE_PAY,Birmingham
758,119,2024-01-07 03:25:00,586,COMPLETED,GOOGLE_PAY,Liverpool
759,129,2024-01-07 14:01:00,329,CANCELLED,ONLINE,London
760,124,2024-01-06 16:05:00,618,CANCELLED,GOOGLE_PAY,Liverpool
761,104,2024-01-03 19:02:00,468,COMPLETED,GOOGLE_PAY,Liverpool
762,105,2024-01-06 19:10:00,361,COMPLETED,CARD,London
763,138,2024-01-02 02:59:00,271,COMPLETED,APPLE_PAY,Manchester
764,114,2024-01-02 19:09:00,253,CANCELLED,ONLINE,Liverpool
765,126,2024-01-08 04:53:00,686,COMPLETED,GOOGLE_PAY,London
766,101,2024-01-06 08:41:00,788,COMPLETED,ONLINE,Manchester
767,136,2024-01-03 03:22:00,193,COMPLETED,CARD,Liverpool
768,114,2024-01-01 18:51:00,317,COMPLETED,ONLINE,Liverpool
769,105,2024-01-03 14:33:00,756,FAILED,ONLINE,Manchester
770,109,2024-01-07 07:50:00,339,COMPLETED,ONLINE,Birmingham
771,128,2024-01-06 11:24:00,204,FAILED,CARD,Leeds
772,131,2024-01-03 13:23:00,497,COMPLETED,CARD,London
773,121,2024-01-07 16:27:00,373,COMPLETED,ONLINE,Manchester
774,119,2024-01-03 17:19:00,438,COMPLETED,ONLINE,London
775,139,2024-01-07 08:02:00,195,CANCELLED,ONLINE,Birmingham
776,118,2024-01-06 19:55:00,162,COMPLETED,GOOGLE_PAY,Leeds
777,117,2024-01-04 05:10:00,736,COMPLETED,APPLE_PAY,Birmingham
778,124,2024-01-02 02:08:00,548,CANCELLED,CARD,Manchester
779,120,2024-01-08 02:28:00,578,COMPLETED,APPLE_PAY,Manchester
780,127,2024-01-06 05:18:00,246,COMPLETED,GOOGLE_PAY,Leeds
781,138,2024-01-03 11:48:00,678,COMPLETED,CARD,London
782,102,2024-01-05 22:54:00,232,CANCELLED,ONLINE,London
783,115,2024-01-05 14:10:00,361,FAILED,GOOGLE_PAY,London
784,130,2024-01-06 16:53:00,308,COMPLETED,GOOGLE_PAY,Manchester
785,101,2024-01-04 15:40:00,661,COMPLETED,ONLINE,Manchester
786,139,2024-01-05 02:43:00,290,CANCELLED,GOOGLE_PAY,Liverpool
787,135,2024-01-03 04:36:00,408,COMPLETED,ONLINE,Manchester
788,103,2024-01-05 00:54:00,764,CANCELLED,ONLINE,Manchester
789,104,2024-01-06 15:37:00,264,CANCELLED,ONLINE,Leeds
790,117,2024-01-06 11:41:00,124,CANCELLED,CARD,Leeds
791,122,2024-01-06 09:25:00,160,FAILED,GOOGLE_PAY,Liverpool
792,128,2024-01-02 17:31:00,197,COMPLETED,APPLE_PAY,Liverpool
793,106,2024-01-03 01:19:00,650,COMPLETED,APPLE_PAY,Manchester
794,124,2024-01-03 13:09:00,565,CANCELLED,CARD,Manchester
795,116,2024-01-02 15:30:00,563,COMPLETED,GOOGLE_PAY,Birmingham
796,117,2024-01-05 01:52:00,283,CANCELLED,ONLINE,London
797,111,2024-01-06 18:52:00,720,COMPLETED,APPLE_PAY,London
798,133,2024-01-01 09:36:00,196,COMPLETED,CARD,London
799,135,2024-01-04 09:05:00,164,CANCELLED,GOOGLE_PAY,Manchester
800,132,2024-01-07 23:02:00,351,COMPLETED,APPLE_PAY,Liverpool
801,117,2024-01-07 08:24:00,213,CANCELLED,ONLINE,London
802,118,2024-01-05 11:04:00,719,FAILED,ONLINE,Birmingham
803,134,2024-01-06 02:34:00,360,FAILED,APPLE_PAY,Manchester
804,109,2024-01-04 06:40:00,138,COMPLETED,GOOGLE_PAY,Manchester
805,138,2024-01-05 09:00:00,783,COMPLETED,GOOGLE_PAY,Birmingham
806,120,2024-01-05 19:00:00,731,COMPLETED,GOOGLE_PAY,Manchester
807,123,2024-01-06 12:35:00,471,FAILED,GOOGLE_PAY,London
808,133,2024-01-06 10:05:00,128,CANCELLED,APPLE_PAY,London
809,109,2024-01-04 15:23:00,694,COMPLETED,CARD,Leeds
810,131,2024-01-02 10:57:00,714,COMPLETED,CARD,Leeds
811,117,2024-01-01 13:25:00,140,COMPLETED,ONLINE,London
812,104,2024-01-02 01:33:00,633,CANCELLED,ONLINE,Leeds
813,105,2024-01-01 17:20:00,251,FAILED,GOOGLE_PAY,Leeds
814,128,2024-01-03 04:00:00,431,COMPLETED,APPLE_PAY,Liverpool
815,103,2024-01-04 15:04:00,662,COMPLETED,ONLINE,Birmingham
816,134,2024-01-07 12:38:00,467,COMPLETED,GOOGLE_PAY,Birmingham
817,117,2024-01-01 14:55:00,618,COMPLETED,GOOGLE_PAY,Manchester
818,140,2024-01-07 00:32:00,777,FAILED,CARD,Liverpool
819,101,2024-01-07 03:21:00,406,COMPLETED,GOOGLE_PAY,Manchester
820,132,2024-01-05 00:22:00,442,COMPLETED,ONLINE,Manchester
821,120,2024-01-03 00:40:00,747,CANCELLED,GOOGLE_PAY,Birmingham
822,104,2024-01-03 12:58:00,517,FAILED,APPLE_PAY,Leeds
823,113,2024-01-05 11:27:00,201,COMPLETED,ONLINE,London
824,116,2024-01-03 14:57:00,252,COMPLETED,GOOGLE_PAY,London
825,117,2024-01-03 17:04:00,405,FAILED,CARD,Leeds
826,137,2024-01-03 00:39:00,680,COMPLETED,GOOGLE_PAY,Birmingham
827,124,2024-01-03 20:07:00,788,COMPLETED,GOOGLE_PAY,London
828,121,2024-01-05 23:31:00,163,COMPLETED,APPLE_PAY,Manchester
829,107,2024-01-01 23:51:00,372,COMPLETED,GOOGLE_PAY,Birmingham
830,130,2024-01-05 22:31:00,378,FAILED,GOOGLE_PAY,Birmingham
831,126,2024-01-01 22:48:00,527,COMPLETED,CARD,Liverpool
832,102,2024-01-03 05:08:00,540,COMPLETED,APPLE_PAY,Birmingham
833,133,2024-01-07 23:50:00,313,FAILED,GOOGLE_PAY,Liverpool
834,134,2024-01-01 10:34:00,517,COMPLETED,APPLE_PAY,Birmingham
835,139,2024-01-01 22:22:00,246,COMPLETED,APPLE_PAY,Birmingham
836,138,2024-01-04 22:32:00,183,COMPLETED,CARD,Leeds
837,119,2024-01-07 03:07:00,151,COMPLETED,APPLE_PAY,Leeds
838,102,2024-01-02 08:52:00,651,COMPLETED,ONLINE,Liverpool
839,116,2024-01-02 14:42:00,496,FAILED,ONLINE,Manchester
840,139,2024-01-07 20:53:00,164,FAILED,APPLE_PAY,Birmingham
841,109,2024-01-01 19:39:00,506,FAILED,ONLINE,Leeds
842,101,2024-01-08 03:19:00,563,COMPLETED,ONLINE,Leeds
843,130,2024-01-02 17:39:00,202,CANCELLED,APPLE_PAY,London
844,119,2024-01-03 21:52:00,340,COMPLETED,ONLINE,Leeds
845,127,2024-01-02 05:22:00,184,COMPLETED,APPLE_PAY,Birmingham
846,136,2024-01-04 08:14:00,397,COMPLETED,CARD,Leeds
847,102,2024-01-02 11:43:00,393,CANCELLED,APPLE_PAY,Birmingham
848,132,2024-01-06 20:04:00,702,CANCELLED,APPLE_PAY,London
849,104,2024-01-01 21:48:00,595,COMPLETED,CARD,Manchester
850,138,2024-01-03 22:54:00,685,COMPLETED,APPLE_PAY,Manchester
851,133,2024-01-01 12:53:00,244,COMPLETED,CARD,London
852,138,2024-01-06 06:52:00,337,FAILED,ONLINE,Liverpool
853,121,2024-01-03 22:32:00,434,FAILED,CARD,Leeds
854,101,2024-01-05 01:27:00,426,FAILED,APPLE_PAY,Liverpool
855,132,2024-01-02 04:56:00,586,FAILED,APPLE_PAY,London
856,101,2024-01-04 07:53:00,472,COMPLETED,APPLE_PAY,Liverpool
857,126,2024-01-05 11:50:00,555,CANCELLED,GOOGLE_PAY,Birmingham
858,106,2024-01-07 14:31:00,641,CANCELLED,APPLE_PAY,Manchester
859,130,2024-01-08 04:48:00,140,FAILED,CARD,Leeds
860,115,2024-01-05 12:19:00,591,COMPLETED,ONLINE,Manchester
861,125,2024-01-05 23:17:00,614,COMPLETED,GOOGLE_PAY,Birmingham
862,115,2024-01-01 15:13:00,797,COMPLETED,APPLE_PAY,Birmingham
863,119,2024-01-05 02:09:00,183,COMPLETED,GOOGLE_PAY,Birmingham
864,128,2024-01-01 18:23:00,351,CANCELLED,CARD,Manchester
865,129,2024-01-03 06:57:00,314,CANCELLED,APPLE_PAY,Liverpool
866,136,2024-01-07 12:10:00,305,COMPLETED,ONLINE,Birmingham
867,120,2024-01-05 15:13:00,476,COMPLETED,CARD,Liverpool
868,105,2024-01-02 01:41:00,187,COMPLETED,GOOGLE_PAY,Birmingham
869,112,2024-01-03 08:55:00,477,COMPLETED,GOOGLE_PAY,Liverpool
870,102,2024-01-02 15:24:00,663,CANCELLED,APPLE_PAY,Leeds
871,127,2024-01-03 07:39:00,300,CANCELLED,APPLE_PAY,London
872,130,2024-01-07 07:09:00,407,COMPLETED,GOOGLE_PAY,London
873,118,2024-01-07 07:35:00,188,COMPLETED,GOOGLE_PAY,Liverpool
874,117,2024-01-04 18:44:00,356,COMPLETED,APPLE_PAY,Birmingham
875,123,2024-01-04 13:43:00,505,COMPLETED,ONLINE,Manchester
876,106,2024-01-05 06:13:00,678,CANCELLED,APPLE_PAY,Birmingham
877,134,2024-01-03 07:52:00,710,COMPLETED,APPLE_PAY,Leeds
878,119,2024-01-06 18:27:00,361,COMPLETED,APPLE_PAY,Birmingham
879,124,2024-01-01 22:47:00,494,COMPLETED,APPLE_PAY,Liverpool
880,120,2024-01-04 11:10:00,407,COMPLETED,APPLE_PAY,Manchester
881,132,2024-01-07 18:02:00,335,COMPLETED,CARD,Birmingham
882,137,2024-01-07 03:30:00,455,COMPLETED,GOOGLE_PAY,Manchester
883,117,2024-01-08 01:35:00,403,COMPLETED,CARD,Leeds
884,116,2024-01-02 18:04:00,223,COMPLETED,CARD,London
885,129,2024-01-02 06:04:00,240,COMPLETED,ONLINE,London
886,103,2024-01-01 18:51:00,158,CANCELLED,GOOGLE_PAY,Leeds
887,117,2024-01-06 08:40:00,427,FAILED,APPLE_PAY,Manchester
888,104,2024-01-07 03:06:00,351,COMPLETED,APPLE_PAY,London
889,102,2024-01-05 15:16:00,716,COMPLETED,CARD,London
890,104,2024-01-03 23:43:00,397,COMPLETED,CARD,Birmingham
891,118,2024-01-01 10:59:00,394,CANCELLED,APPLE_PAY,Manchester
892,121,2024-01-01 15:27:00,547,COMPLETED,CARD,Manchester
893,111,2024-01-02 15:33:00,373,FAILED,GOOGLE_PAY,Liverpool
894,104,2024-01-01 14:17:00,688,COMPLETED,ONLINE,Liverpool
895,120,2024-01-07 13:09:00,257,COMPLETED,CARD,Leeds
896,101,2024-01-07 11:09:00,196,FAILED,APPLE_PAY,Birmingham
897,137,2024-01-05 12:26:00,420,FAILED,GOOGLE_PAY,Liverpool
898,126,2024-01-04 19:09:00,306,CANCELLED,GOOGLE_PAY,Birmingham
899,140,2024-01-07 10:31:00,568,FAILED,GOOGLE_PAY,London
900,134,2024-01-03 16:23:00,654,COMPLETED,ONLINE,Manchester
901,121,2024-01-05 12:31:00,244,COMPLETED,CARD,Leeds
902,121,2024-01-05 04:03:00,258,FAILED,GOOGLE_PAY,Liverpool
903,102,2024-01-04 20:38:00,610,CANCELLED,CARD,Liverpool
904,118,2024-01-06 13:29:00,773,FAILED,ONLINE,Manchester
905,113,2024-01-06 08:55:00,485,COMPLETED,GOOGLE_PAY,Manchester
906,114,2024-01-07 05:20:00,717,CANCELLED,APPLE_PAY,Liverpool
907,124,2024-01-02 23:33:00,221,COMPLETED,APPLE_PAY,Birmingham
908,119,2024-01-02 12:17:00,531,FAILED,CARD,Leeds
909,109,2024-01-03 20:24:00,309,COMPLETED,APPLE_PAY,Birmingham
910,105,2024-01-08 07:38:00,601,FAILED,CARD,Birmingham
911,105,2024-01-03 08:26:00,439,COMPLETED,CARD,Birmingham
912,105,2024-01-07 09:56:00,427,CANCELLED,CARD,Manchester
913,108,2024-01-07 16:50:00,380,COMPLETED,GOOGLE_PAY,Liverpool
914,127,2024-01-05 06:16:00,409,COMPLETED,ONLINE,Leeds
915,133,2024-01-04 17:40:00,117,COMPLETED,APPLE_PAY,Birmingham
916,115,2024-01-05 03:43:00,551,FAILED,ONLINE,Birmingham
917,140,2024-01-05 09:18:00,294,COMPLETED,GOOGLE_PAY,Liverpool
918,112,2024-01-02 15:26:00,519,COMPLETED,APPLE_PAY,London
919,123,2024-01-02 02:00:00,407,COMPLETED,CARD,Leeds
920,101,2024-01-03 12:01:00,723,CANCELLED,ONLINE,Liverpool
921,120,2024-01-03 13:45:00,666,FAILED,ONLINE,Manchester
922,107,2024-01-02 10:21:00,407,FAILED,ONLINE,Leeds
923,131,2024-01-03 03:14:00,678,FAILED,APPLE_PAY,Manchester
924,129,2024-01-02 05:00:00,198,FAILED,APPLE_PAY,Leeds
925,103,2024-01-03 00:18:00,414,COMPLETED,CARD,Manchester
926,110,2024-01-08 04:04:00,772,FAILED,APPLE_PAY,Birmingham
927,139,2024-01-04 06:22:00,457,FAILED,GOOGLE_PAY,London
928,123,2024-01-03 20:20:00,139,COMPLETED,APPLE_PAY,Manchester
929,129,2024-01-05 14:44:00,351,FAILED,CARD,London
930,101,2024-01-03 20:23:00,540,COMPLETED,APPLE_PAY,London
931,118,2024-01-05 17:33:00,416,COMPLETED,ONLINE,Manchester
932,124,2024-01-06 23:21:00,645,COMPLETED,ONLINE,Manchester
933,130,2024-01-03 06:32:00,163,FAILED,ONLINE,Manchester
934,119,2024-01-01 23:15:00,625,COMPLETED,ONLINE,Birmingham
935,111,2024-01-01 22:56:00,304,COMPLETED,GOOGLE_PAY,Leeds
936,113,2024-01-04 04:10:00,757,COMPLETED,APPLE_PAY,Leeds
937,135,2024-01-08 02:22:00,764,COMPLETED,GOOGLE_PAY,Leeds
938,113,2024-01-02 04:03:00,683,COMPLETED,CARD,Leeds
939,102,2024-01-03 10:43:00,705,CANCELLED,CARD,Manchester
940,139,2024-01-04 04:34:00,192,CANCELLED,APPLE_PAY,Birmingham
941,105,2024-01-06 02:14:00,471,COMPLETED,APPLE_PAY,Manchester
942,128,2024-01-07 21:49:00,146,COMPLETED,CARD,Birmingham
943,117,2024-01-02 10:31:00,539,COMPLETED,CARD,Leeds
944,112,2024-01-02 23:19:00,773,CANCELLED,ONLINE,London
945,110,2024-01-04 02:44:00,432,COMPLETED,GOOGLE_PAY,Manchester
946,140,2024-01-03 15:10:00,546,COMPLETED,ONLINE,Leeds
947,108,2024-01-05 02:11:00,488,COMPLETED,ONLINE,London
948,119,2024-01-02 11:23:00,760,FAILED,GOOGLE_PAY,Leeds
949,111,2024-01-05 14:56:00,192,COMPLETED,CARD,Leeds
950,132,2024-01-04 13:42:00,655,COMPLETED,GOOGLE_PAY,Birmingham
951,121,2024-01-05 16:44:00,704,COMPLETED,CARD,Liverpool
952,109,2024-01-08 07:09:00,631,FAILED,ONLINE,Manchester
953,101,2024-01-03 20:55:00,478,CANCELLED,APPLE_PAY,Birmingham
954,118,2024-01-03 23:23:00,268,COMPLETED,GOOGLE_PAY,Birmingham
955,104,2024-01-04 11:11:00,518,COMPLETED,APPLE_PAY,Liverpool
956,119,2024-01-01 17:57:00,288,COMPLETED,CARD,Leeds
957,127,2024-01-04 04:56:00,751,CANCELLED,APPLE_PAY,Manchester
958,130,2024-01-01 09:25:00,271,COMPLETED,CARD,Birmingham
959,124,2024-01-07 06:52:00,400,COMPLETED,GOOGLE_PAY,Leeds
960,102,2024-01-02 05:47:00,414,COMPLETED,ONLINE,Manchester
961,113,2024-01-02 07:59:00,552,FAILED,GOOGLE_PAY,Liverpool
962,116,2024-01-04 02:35:00,284,CANCELLED,GOOGLE_PAY,Birmingham
963,117,2024-01-02 07:58:00,412,CANCELLED,ONLINE,Manchester
964,139,2024-01-05 04:04:00,213,COMPLETED,ONLINE,Leeds
965,104,2024-01-04 17:40:00,228,COMPLETED,CARD,London
966,120,2024-01-02 05:37:00,464,COMPLETED,GOOGLE_PAY,Leeds
967,102,2024-01-05 00:27:00,748,COMPLETED,APPLE_PAY,Manchester
968,122,2024-01-04 15:13:00,447,COMPLETED,CARD,Liverpool
969,135,2024-01-06 19:43:00,525,FAILED,APPLE_PAY,Manchester
970,119,2024-01-07 10:22:00,704,CANCELLED,ONLINE,Liverpool
971,126,2024-01-03 20:41:00,729,COMPLETED,APPLE_PAY,Birmingham
972,131,2024-01-01 15:30:00,585,COMPLETED,ONLINE,Leeds
973,119,2024-01-04 16:38:00,557,CANCELLED,GOOGLE_PAY,Birmingham
974,117,2024-01-05 20:06:00,595,COMPLETED,APPLE_PAY,London
975,103,2024-01-04 08:54:00,662,COMPLETED,CARD,Leeds
976,139,2024-01-03 15:45:00,536,COMPLETED,CARD,Birmingham
977,133,2024-01-06 18:19:00,370,COMPLETED,GOOGLE_PAY,Birmingham
978,126,2024-01-03 13:43:00,623,CANCELLED,CARD,London
979,124,2024-01-05 15:58:00,403,COMPLETED,GOOGLE_PAY,Liverpool
980,102,2024-01-08 01:13:00,640,COMPLETED,CARD,Manchester
981,104,2024-01-01 21:39:00,665,COMPLETED,APPLE_PAY,Manchester
982,133,2024-01-01 13:02:00,739,COMPLETED,GOOGLE_PAY,London
983,126,2024-01-04 04:21:00,635,FAILED,GOOGLE_PAY,Leeds
984,102,2024-01-01 22:24:00,280,CANCELLED,GOOGLE_PAY,Birmingham
985,108,2024-01-06 06:39:00,565,COMPLETED,APPLE_PAY,Manchester
986,124,2024-01-07 15:17:00,386,COMPLETED,GOOGLE_PAY,Liverpool
987,106,2024-01-01 13:52:00,262,FAILED,CARD,Liverpool
988,128,2024-01-03 01:34:00,640,COMPLETED,CARD,Liverpool
989,109,2024-01-07 15:10:00,684,FAILED,ONLINE,Birmingham
990,140,2024-01-05 00:26:00,444,COMPLETED,GOOGLE_PAY,Leeds
991,140,2024-01-05 07:09:00,246,CANCELLED,ONLINE,London
992,115,2024-01-02 17:45:00,337,FAILED,ONLINE,London
993,108,2024-01-07 11:02:00,367,COMPLETED,APPLE_PAY,Birmingham
994,121,2024-01-07 09:17:00,490,COMPLETED,ONLINE,Manchester
995,122,2024-01-08 06:13:00,260,COMPLETED,GOOGLE_PAY,London
996,134,2024-01-06 19:16:00,112,FAILED,CARD,Leeds
997,114,2024-01-01 10:23:00,744,COMPLETED,ONLINE,London
998,119,2024-01-05 05:15:00,161,COMPLETED,ONLINE,Leeds
999,136,2024-01-08 05:34:00,602,COMPLETED,ONLINE,Liverpool
1000,122,2024-01-06 12:59:00,672,CANCELLED,ONLINE,Liverpool
